{"cameraMode":{"drawMode":0,"name":"Shaded","section":"Shading Mode"},"sceneLighting":false,"audioPlay":false,"sceneViewState":{"m_AlwaysRefresh":false,"showFog":true,"showSkybox":false,"showFlares":true,"showImageEffects":true,"showParticleSystems":true,"showVisualEffectGraphs":true,"m_FxEnabled":true},"in2DMode":false,"pivot":{"x":-21.830554962158204,"y":2.909313201904297,"z":13.06766414642334},"rotation":{"x":0.020249294117093087,"y":-0.9783607721328735,"z":0.16985829174518586,"w":0.11677652597427368},"size":25.316211700439454,"orthographic":false}