{"cameraMode":{"drawMode":0,"name":"Shaded","section":"Shading Mode"},"sceneLighting":false,"audioPlay":false,"sceneViewState":{"m_AlwaysRefresh":false,"showFog":true,"showSkybox":false,"showFlares":true,"showImageEffects":true,"showParticleSystems":true,"showVisualEffectGraphs":true,"m_FxEnabled":true},"in2DMode":false,"pivot":{"x":45.722042083740237,"y":4.543525218963623,"z":46.276161193847659},"rotation":{"x":0.18562790751457215,"y":-0.8119456768035889,"z":0.35572347044944765,"w":0.4243108332157135},"size":3.6634998321533205,"orthographic":false}