{"cameraMode":{"drawMode":0,"name":"Shaded","section":"Shading Mode"},"sceneLighting":false,"audioPlay":false,"sceneViewState":{"m_AlwaysRefresh":false,"showFog":true,"showSkybox":false,"showFlares":true,"showImageEffects":true,"showParticleSystems":true,"showVisualEffectGraphs":true,"m_FxEnabled":true},"in2DMode":false,"pivot":{"x":1.5707802772521973,"y":16.134973526000978,"z":-6.051908493041992},"rotation":{"x":0.03243521600961685,"y":-0.9499005079269409,"z":0.10529515147209168,"w":0.29258397221565249},"size":8.794108390808106,"orthographic":false}