{"cameraMode":{"drawMode":0,"name":"Shaded","section":"Shading Mode"},"sceneLighting":false,"audioPlay":false,"sceneViewState":{"m_AlwaysRefresh":false,"showFog":true,"showSkybox":false,"showFlares":true,"showImageEffects":true,"showParticleSystems":true,"showVisualEffectGraphs":true,"m_FxEnabled":true},"in2DMode":false,"pivot":{"x":35.196929931640628,"y":2.451483964920044,"z":21.34588623046875},"rotation":{"x":-0.021443277597427369,"y":0.9689381718635559,"z":-0.09067420661449433,"w":-0.22912068665027619},"size":2.9181289672851564,"orthographic":false}