{"cameraMode":{"drawMode":0,"name":"Shaded","section":"Shading Mode"},"sceneLighting":false,"audioPlay":false,"sceneViewState":{"m_AlwaysRefresh":false,"showFog":true,"showSkybox":false,"showFlares":true,"showImageEffects":true,"showParticleSystems":true,"showVisualEffectGraphs":true,"m_FxEnabled":true},"in2DMode":false,"pivot":{"x":-5.776249885559082,"y":3.4417452812194826,"z":-0.16937828063964845},"rotation":{"x":0.018492182716727258,"y":-0.9769890904426575,"z":0.09496599435806275,"w":0.1902199536561966},"size":9.501028060913086,"orthographic":false}