{"cameraMode":{"drawMode":0,"name":"Shaded","section":"Shading Mode"},"sceneLighting":false,"audioPlay":false,"sceneViewState":{"m_AlwaysRefresh":false,"showFog":true,"showSkybox":false,"showFlares":true,"showImageEffects":true,"showParticleSystems":true,"showVisualEffectGraphs":true,"m_FxEnabled":true},"in2DMode":false,"pivot":{"x":8.450454711914063,"y":7.695241928100586,"z":0.023443222045898439},"rotation":{"x":0.020249294117093087,"y":-0.9783607721328735,"z":0.16985829174518586,"w":0.11677652597427368},"size":24.30767059326172,"orthographic":false}