{"cameraMode":{"drawMode":0,"name":"Shaded","section":"Shading Mode"},"sceneLighting":true,"audioPlay":false,"sceneViewState":{"m_AlwaysRefresh":false,"showFog":true,"showSkybox":true,"showFlares":true,"showImageEffects":true,"showParticleSystems":true,"showVisualEffectGraphs":true,"m_FxEnabled":true},"in2DMode":false,"pivot":{"x":2.760068893432617,"y":2.0888633728027345,"z":4.297163009643555},"rotation":{"x":0.014507941901683808,"y":-0.9815813302993774,"z":0.17193268239498139,"w":0.08293598145246506},"size":58.81439971923828,"orthographic":false}