{"cameraMode":{"drawMode":0,"name":"Shaded","section":"Shading Mode"},"sceneLighting":false,"audioPlay":false,"sceneViewState":{"m_AlwaysRefresh":false,"showFog":false,"showSkybox":false,"showFlares":false,"showImageEffects":false,"showParticleSystems":false,"showVisualEffectGraphs":true,"m_FxEnabled":true},"in2DMode":false,"pivot":{"x":0.17035609483718873,"y":1.0683526992797852,"z":0.21686285734176637},"rotation":{"x":0.18562790751457215,"y":-0.8119456768035889,"z":0.35572347044944765,"w":0.4243108332157135},"size":1.9026862382888795,"orthographic":false}