{"cameraMode":{"drawMode":0,"name":"Shaded","section":"Shading Mode"},"sceneLighting":true,"audioPlay":false,"sceneViewState":{"m_AlwaysRefresh":false,"showFog":true,"showSkybox":false,"showFlares":true,"showImageEffects":true,"showParticleSystems":true,"showVisualEffectGraphs":true,"m_FxEnabled":true},"in2DMode":false,"pivot":{"x":38.37855529785156,"y":1.9560842514038087,"z":19.006010055541993},"rotation":{"x":-0.10316624492406845,"y":0.8549660444259644,"z":-0.18653294444084168,"w":-0.47285833954811098},"size":4.379460334777832,"orthographic":false}