{"cameraMode":{"drawMode":0,"name":"Shaded","section":"Shading Mode"},"sceneLighting":false,"audioPlay":false,"sceneViewState":{"m_AlwaysRefresh":false,"showFog":true,"showSkybox":false,"showFlares":true,"showImageEffects":true,"showParticleSystems":true,"showVisualEffectGraphs":true,"m_FxEnabled":true},"in2DMode":false,"pivot":{"x":0.4918462038040161,"y":0.7897914052009583,"z":0.1899958848953247},"rotation":{"x":-0.18672770261764527,"y":-0.3323022127151489,"z":0.0672953650355339,"w":-0.9220573306083679},"size":1.7660253047943116,"orthographic":false}